Segment Start Index,Segment End Index,Start Time,End Time,Assisted Mean
4004,3668,2101,3002,0.0004385116820340468
7084,7098,1601,2366,0.0008188519536344937
