{"vm_un": 0.9609563946777916, "rf_un": 0.5387698282934674, "vm_a": 0.3695052394596981, "rf_a": 0.07997132978963206}