{"vm_un": 0.41162716344413924, "rf_un": 0.2580594262343113, "vm_a": 0.18981791083755414, "rf_a": 0.0319696414872727}